review_id,stars,date,title,text,source,product,version,vote_count,place_name,address,city,state,latitude,longitude,google_rating,total_reviews_at_location
ChZDSUhNMG9nS0VJQ0FnSURCeExmWWZREAE,5.0,2026-05-20,,"Nice place, friendly staff. Decent pricing.",google_maps,COACH Outlet,,0,COACH Outlet,"11401 NW 12th St Unit 370, Miami, FL 33172",11401 NW 12th St Unit 370,,25.787014199999998,-80.37859809999999,4.6,773
Ci9DQUlRQUNvZENodHljRjlvT2pWSVRUQmZRbm94WjNoSlQzRkRUMUJ4VFdWRGFIYxAB,1.0,2026-05-20,,Wanted to call for a bag for my bestfriends birthday. Called 4 times each time they PICKED UP and then hung up. This location was my last resort as is— as I don’t expect high quality care from any high quality brand to be at this mall. Classless and careless.,google_maps,COACH Outlet,,0,COACH Outlet,"11401 NW 12th St Unit 370, Miami, FL 33172",11401 NW 12th St Unit 370,,25.787014199999998,-80.37859809999999,4.6,773
Ci9DQUlRQUNvZENodHljRjlvT25OeFFuSjBhMUZXTm5aUlJFZzNPRzkzU3pFeGIxRRAB,5.0,2026-04-20,,"Excelente tienda, su personal es de primera. Tuve la oportunidad de solicitar a la mánager CLAUDIA para pedirle una información y su atención fue increíble. Tiene un don que es admirable, muy profesional en su trabajo, atenta, educada, servicial, siempre dispuesta a solucionar cualquier problema y siempre pendiente de que el cliente esté satisfecho y regrese pronto. La felicito..",google_maps,COACH Outlet,,0,COACH Outlet,"11401 NW 12th St Unit 370, Miami, FL 33172",11401 NW 12th St Unit 370,,25.787014199999998,-80.37859809999999,4.6,773
Ci9DQUlRQUNvZENodHljRjlvT21wQ01qVjJVM2hTYVUxNVUwOVhNM1ZLUlZsRExVRRAB,5.0,2026-05-20,,Excelentes precios,google_maps,COACH Outlet,,0,COACH Outlet,"250 E Palm Dr #410, Florida City, FL 33034",250 E Palm Dr #410,,25.4521998,-80.47241199999999,4.6,439
Ci9DQUlRQUNvZENodHljRjlvT2xJMVdVZHBTSGRoZVhaTk4ybDFXVVpLV21FNGNVRRAB,4.0,2026-05-20,,"I stopped by this shop while doing some weekend browsing and was pleasantly surprised by the selection. The store was very clean and organized, which made it easy to find different styles of bags and wallets without feeling overwhelmed. I found a really nice leather crossbody that was marked down significantly, and the quality felt just as sturdy as the items in the main boutiques. The staff was helpful and offered to look in the back for a specific color I wanted, though they didn't end up having it in stock. It was quite busy and there was a bit of a line for the fitting rooms and the registers, but the savings made the extra wait time worth it. It’s a great place to pick up a high-quality gift or a treat for yourself if you don't mind a bit of a crowd.",google_maps,COACH Outlet,,0,COACH Outlet,"250 E Palm Dr #410, Florida City, FL 33034",250 E Palm Dr #410,,25.4521998,-80.47241199999999,4.6,439
Ci9DQUlRQUNvZENodHljRjlvT2s1SE9XOVVhVTVFU1dreWRTMXZRbXMyYTNsVFkxRRAB,1.0,2026-04-20,,"I am literally writing this review while inside the store. No one, from me first entering the store has even bothered to ask me if they can help. I was picking out a gift for my daughter and although I really liked the item it's a hard no. I watched several salespersons walk past me even close. Others walked in and they were greeted. I won't support a business that overlooks me! If only zero was an option on the reviews they would receive a minus zero! 12/17/25.",google_maps,COACH Outlet,,0,COACH Outlet,"250 E Palm Dr #410, Florida City, FL 33034",250 E Palm Dr #410,,25.4521998,-80.47241199999999,4.6,439
Ci9DQUlRQUNvZENodHljRjlvT25CR05GQkpVV0UzVVROQldGaG5TWEJ6VlZadVFXYxAB,5.0,2026-03-21,,Buenas variedad y precios,google_maps,COACH Outlet,,0,COACH Outlet,"250 E Palm Dr #410, Florida City, FL 33034",250 E Palm Dr #410,,25.4521998,-80.47241199999999,4.6,439
Ci9DQUlRQUNvZENodHljRjlvT2psaVpWSlJUMk01V2t4eFNURXlRbFp6VmpCeGNrRRAB,4.0,2026-06-19,,Lather variety $$.,google_maps,COACH Outlet,,0,COACH Outlet,"1800 Sawgrass Mills Cir #2530, Sunrise, FL 33323",1800 Sawgrass Mills Cir #2530,,26.1494578,-80.32255339999999,4.5,1019
ChdDSUhNMG9nS0VJQ0FnSUR1MWVHTHlBRRAB,5.0,2026-06-15,,Coach products are high quality. The store prices are extremely good. Service offered by staff is excellent.,google_maps,COACH Outlet,,0,COACH Outlet,"1800 Sawgrass Mills Cir #2530, Sunrise, FL 33323",1800 Sawgrass Mills Cir #2530,,26.1494578,-80.32255339999999,4.5,1019
Ci9DQUlRQUNvZENodHljRjlvT2tacFpGZEtPRE5PTm5jM1gzbHNiekUxTFVkRUxXYxAB,5.0,2026-06-12,,"Muy buenas carteras, encontramos con mi mujer lonque queríamos, bien atendidos y pagamos rápido, el precio muy acorde con el producto",google_maps,COACH Outlet,,0,COACH Outlet,"1800 Sawgrass Mills Cir #2530, Sunrise, FL 33323",1800 Sawgrass Mills Cir #2530,,26.1494578,-80.32255339999999,4.5,1019
Ci9DQUlRQUNvZENodHljRjlvT21STVVFUktZM1I0VlVsT2FYTnBOblowYlhGdlFYYxAB,5.0,2026-06-12,,"Mercedes Mendoza at coach outlet at sawgrass mills was so helpful! our bag got colored transfered on it, and she went and replaced it for us! she was so sweet and understanding of our situation. Truly recommend this store.",google_maps,COACH Outlet,,0,COACH Outlet,"1800 Sawgrass Mills Cir #2530, Sunrise, FL 33323",1800 Sawgrass Mills Cir #2530,,26.1494578,-80.32255339999999,4.5,1019
Ci9DQUlRQUNvZENodHljRjlvT2tSRFYzRlFhRFZhWDJod1VYaHlVRXhFY21KQlluYxAB,5.0,2026-06-12,,Grandes especiales muy recomendable,google_maps,COACH Outlet,,0,COACH Outlet,"1800 Sawgrass Mills Cir #2530, Sunrise, FL 33323",1800 Sawgrass Mills Cir #2530,,26.1494578,-80.32255339999999,4.5,1019
Ci9DQUlRQUNvZENodHljRjlvT214T1RtMWZXRmRSYjE4d2EyNUlUVUk1TlZkWGJsRRAB,5.0,2026-06-15,,"Horacio at Coach Outlet The Falls was amazing—super helpful, patient, and made my shopping experience easy and enjoyable. Excellent customer service!",google_maps,COACH Outlet,,0,COACH Outlet,"8888 SW 136th St Spc 295, Miami, FL 33176",8888 SW 136th St Spc 295,,25.645076399999997,-80.3387719,4.5,57
Ci9DQUlRQUNvZENodHljRjlvT2tOcmRuVkdkMFJOVlhWSVJXNWZRemhIZDJZMllXYxAB,5.0,2026-03-21,,"Hemos visitado varias tiendas en todo el país, pero el servicio que nos han brindado en esta tienda. La verdad ha sido una experiencia fantástico increíble variedad en bolsas camisas tienes que venir a la tienda con tu familia. En realidad el servicio de las empleadas realmente me ha dejado sorprendido, así que los califico con cinco estrellas y sí, recomiendo esta tienda. WOLD ELITE",google_maps,COACH Outlet,,0,COACH Outlet,"8888 SW 136th St Spc 295, Miami, FL 33176",8888 SW 136th St Spc 295,,25.645076399999997,-80.3387719,4.5,57
Ci9DQUlRQUNvZENodHljRjlvT2xaQ00yRmhNelJ5YVhBdFJXbEdWRTE0VlhNeWJYYxAB,5.0,2025-12-21,,The store has an excellent presentation and the staff was very helpful. A must visit when you go to the falls.,google_maps,COACH Outlet,,0,COACH Outlet,"8888 SW 136th St Spc 295, Miami, FL 33176",8888 SW 136th St Spc 295,,25.645076399999997,-80.3387719,4.5,57
Ci9DQUlRQUNvZENodHljRjlvT20xS1NGbFhaa0ZmTWsxV1VqVkVRbmMwUkRGMVNWRRAB,5.0,2025-11-21,,"I had such a great experience at the Coach Outlet in The Falls! The staff was friendly, welcoming, and super helpful. They took the time to help me find exactly what I was looking for the charm and chain for my new Coach bag. The store was clean, organized, and had a really nice selection. I’m so happy with my purchase and will definitely be coming back!",google_maps,COACH Outlet,,0,COACH Outlet,"8888 SW 136th St Spc 295, Miami, FL 33176",8888 SW 136th St Spc 295,,25.645076399999997,-80.3387719,4.5,57
Ci9DQUlRQUNvZENodHljRjlvT25oWVpIRTRaRnBVZWpkeFVrcHFSV3Q2TVZsWlltYxAB,5.0,2025-11-21,,"⭐️⭐️⭐️⭐️⭐️ I had an excellent shopping experience at the Coach store in The Falls (Kendall). Maria provided outstanding customer service — professional, kind, and very attentive. I purchased several handbags for my wife, and thanks to her help, everything went perfectly. She truly represents the brand with elegance and respect. People like Maria make all the difference. Highly recommended!",google_maps,COACH Outlet,,0,COACH Outlet,"8888 SW 136th St Spc 295, Miami, FL 33176",8888 SW 136th St Spc 295,,25.645076399999997,-80.3387719,4.5,57
Ci9DQUlRQUNvZENodHljRjlvT2tvMmJrTnlNRXB0TW5kTWRXWnVaM2x6YWsxSFZFRRAB,5.0,2025-10-22,,My favorite Coach location! All of the staff (Mandy is my fav 🫶🏾) are friendly & knowledgeable. They have great events & give aways. You will love it there!,google_maps,COACH Outlet,,0,COACH Outlet,"8888 SW 136th St Spc 295, Miami, FL 33176",8888 SW 136th St Spc 295,,25.645076399999997,-80.3387719,4.5,57
Ci9DQUlRQUNvZENodHljRjlvT2pNeGFGRTNhV0prTmpGQloxSnNka3BMVUU5ZlJWRRAB,5.0,2025-08-23,,"I had an amazing experience shopping here, Mandy Camacho was so helpful and professional.",google_maps,COACH Outlet,,0,COACH Outlet,"8888 SW 136th St Spc 295, Miami, FL 33176",8888 SW 136th St Spc 295,,25.645076399999997,-80.3387719,4.5,57
Ci9DQUlRQUNvZENodHljRjlvT21KQlYzWmtPVFZLYm5velZpMTBPRGhEZHpCWk4wRRAB,5.0,2025-08-23,,I had a great shopping experience at this location. Mandy is so sweet and helpful. He helped me get the perfect sandals.,google_maps,COACH Outlet,,0,COACH Outlet,"8888 SW 136th St Spc 295, Miami, FL 33176",8888 SW 136th St Spc 295,,25.645076399999997,-80.3387719,4.5,57
Ci9DQUlRQUNvZENodHljRjlvT2tKME5qazNWV000T1cwNFVFaE9TM2QxTTJsSE5VRRAB,5.0,2026-05-20,,"I needed a bag for traveling that would hold my passport, wallet, and handful of other things. This coach outlet ALWAYS has what im looking for. My only gripe, which isnt really the store's fault, is a lot of people take their kids and babies in there so on a saturday go early because after lunch it is EXTREMELY overstimulating in there. One saturday there were (im not joking) over a dozen children/babies under the age of 4. Infants screaming as well. Children running underfoot. Its a great store and the prices are the same as online. So definitely glad when youre at rhe outlets! Go here instead of the Coach at gardens mall. But be aware that it gets chaotic as the day goes on. I love a peaceful shopping experience in a store like coach, where it takes time to make a choice when spending a couple hundred dollars on one item. I know theres nothing the store can do about this issue but as a shopper you shiuld be aware. Anyhow I get ALL my coach items from there.",google_maps,COACH Outlet,,0,COACH Outlet,"1791 Palm Beach Lakes Blvd Suite W103 and W104, West Palm Beach, FL 33401",1791 Palm Beach Lakes Blvd Suite W103 and W104,,26.7256158,-80.0881266,4.1,156
Ci9DQUlRQUNvZENodHljRjlvT2xZM1lrdDFTR2htZEV4bFJWWldkMEV6U2pKWU5YYxAB,5.0,2026-05-20,,"I love this Coach Outlet!! This post is definitely over due. Every time I go to this store I feel so peaceful. I live in Miami-Dade county and have an outlet much closer to me than this one, but I would 1,000 times rather visit this one than that one. Every time I come to this store everyone is so happy and cheerful and able to assist you. You never feel like the products are going to run out if you don’t pick it up and walk around with it. It’s clean, stocked, and much more easier to find parking than other stores. I love the staff most of all. I will definitely continue to drive all the way up there to make my purchases :)",google_maps,COACH Outlet,,0,COACH Outlet,"1791 Palm Beach Lakes Blvd Suite W103 and W104, West Palm Beach, FL 33401",1791 Palm Beach Lakes Blvd Suite W103 and W104,,26.7256158,-80.0881266,4.1,156
Ci9DQUlRQUNvZENodHljRjlvT2pkMFRXVTVWREk1T0hGNGFEZFhTVzVJWkdKYVVtYxAB,5.0,2026-05-20,,This is a lovely shop with convenient parking and a staff that is both incredibly helpful and well-informed.,google_maps,COACH Outlet,,0,COACH Outlet,"1791 Palm Beach Lakes Blvd Suite W103 and W104, West Palm Beach, FL 33401",1791 Palm Beach Lakes Blvd Suite W103 and W104,,26.7256158,-80.0881266,4.1,156
Ci9DQUlRQUNvZENodHljRjlvT2w5dk9XTXRZVFJrV2tWQ1gzQnlTa3RNYXpKcWVtYxAB,1.0,2026-04-20,,"I had a terrible experience! Employees looked at people  from head to toe as soon as you get into the place, they are right behind you as you walk around the store, and not one or two, there's three Employees that look at you and make you feel uncomfortable like you are going to steal something from the store. I went there for a little birthday shopping spree and left empty hands because the way that the employees harassed me.",google_maps,COACH Outlet,,0,COACH Outlet,"1791 Palm Beach Lakes Blvd Suite W103 and W104, West Palm Beach, FL 33401",1791 Palm Beach Lakes Blvd Suite W103 and W104,,26.7256158,-80.0881266,4.1,156
Ci9DQUlRQUNvZENodHljRjlvT2t0cFVqaGlTRnB0WlZoNVVqQldNa2xsUlV3MGFsRRAB,1.0,2026-03-21,,Quiero contarles una mala experiencia que tuve en esta tienda que son a las 12:34 am y no puedo dormir por la impotencia y tristeza que siento 😭ayer 8 de marzo fui a comprar una bolsa siempre compro en esta tienda es genial las cajeras son muy amables pero hay 2 personas recibiéndote dándote la bienvenida a la tienda ami nunca me dan la bienvenida las veces que ido pero nunca le preste importancia no la necesito yo voy a comprar ayer me gustó una bolsa que estaba en la entrada y me acerqué para verla iba con mi niña de 8 años y le digo mira esta bolsa esta linda le digo a mi hija y ellos se nos quedaron viendo de los pies a la cabeza y se pusieron a reír de nosotras con una risa burlona espero y no pasen lo mismo no deberían ser racistas por que mi dinero también vale lo mismo que de los demás no me gustaría que nadie pase por esta mala experiencia. Por cierto era una chica y un chico de 12 am en adelante 8 de  marzo si eres hispano o afroamericano no vallas. No pases un mal rato como yo busca otra tiendas  si mi niña sigue sintiéndose con esa angustia de lo que pasamos demandaré a esta tienda,google_maps,COACH Outlet,,0,COACH Outlet,"1791 Palm Beach Lakes Blvd Suite W103 and W104, West Palm Beach, FL 33401",1791 Palm Beach Lakes Blvd Suite W103 and W104,,26.7256158,-80.0881266,4.1,156
Ci9DQUlRQUNvZENodHljRjlvT21OdE9ERjJhSE4zUVV0SE5UWnVkelJXTUVaeFozYxAB,5.0,2026-03-21,,Very nice shop easy to park and very helpful and knowledgeable staff.,google_maps,COACH Outlet,,0,COACH Outlet,"1791 Palm Beach Lakes Blvd Suite W103 and W104, West Palm Beach, FL 33401",1791 Palm Beach Lakes Blvd Suite W103 and W104,,26.7256158,-80.0881266,4.1,156
Ci9DQUlRQUNvZENodHljRjlvT21wR2JFZFphVEJLTVRSVWQyUTRSMFJXU25WUFJVRRAB,1.0,2026-02-19,,"The employee named Key was extremely rude, disrespectful, and completely unprofessional. When I didn’t fully understand her question, she responded with sarcasm and an ironic attitude instead of helping me, which is unacceptable for someone in a customer service position. To make matters worse, she charged me twice. This was by far the worst customer service experience I have ever had. I am beyond disappointed and honestly shocked that someone like her represents this brand. This situation needs to be addressed immediately.",google_maps,COACH Outlet,,0,COACH Outlet,"1791 Palm Beach Lakes Blvd Suite W103 and W104, West Palm Beach, FL 33401",1791 Palm Beach Lakes Blvd Suite W103 and W104,,26.7256158,-80.0881266,4.1,156
Ci9DQUlRQUNvZENodHljRjlvT25sWFRqVkplQzFRTWxSbk9ISlNhbWxoVFVoS2FrRRAB,5.0,2026-02-19,,i love it,google_maps,COACH Outlet,,0,COACH Outlet,"1791 Palm Beach Lakes Blvd Suite W103 and W104, West Palm Beach, FL 33401",1791 Palm Beach Lakes Blvd Suite W103 and W104,,26.7256158,-80.0881266,4.1,156
Ci9DQUlRQUNvZENodHljRjlvT2xoRVVFWmhiVEZrYW01TGFVaGZaalJvV2xSb1MyYxAB,5.0,2026-06-18,,Amazing store.,google_maps,COACH,,0,COACH,"685 5th Ave, New York, NY 10022, United States",New York,NY,40.760852,-73.9752412,4.5,858
Ci9DQUlRQUNvZENodHljRjlvT2xscFMxcGlWREpwUW1aVE4yZHZVV1JwUVVsRWFsRRAB,5.0,2026-06-12,,"Stellar and impressive service from Gia and Owen who helped me with my purchase. Kind, helpful and great engagement, it was certainly a delightful experience to shop at COACH, will come back because of the service a 100%.",google_maps,COACH,,0,COACH,"685 5th Ave, New York, NY 10022, United States",New York,NY,40.760852,-73.9752412,4.5,858
Ci9DQUlRQUNvZENodHljRjlvT2pKaGFEVjFlbTlEVFVaRWNUTXRUakUxVlZkeGMzYxAB,5.0,2026-06-05,,"Went to NYC for the first time and had to stop by this Coach store! The vibe was amazing, and everyone I spoke to who worked there was so nice. Chigozie helped me most of all, and made me feel special and she was so helpful. I’ll definitely stop back next time I’m in town!",google_maps,COACH,,0,COACH,"685 5th Ave, New York, NY 10022, United States",New York,NY,40.760852,-73.9752412,4.5,858
Ci9DQUlRQUNvZENodHljRjlvT2tGT04xcGphbmQxZWtSUlNIZzFWSFZrTlhwWlIxRRAB,5.0,2026-06-05,,New york,google_maps,COACH,,0,COACH,"685 5th Ave, New York, NY 10022, United States",New York,NY,40.760852,-73.9752412,4.5,858
Ci9DQUlRQUNvZENodHljRjlvT25kbFRIcHJWWE5YTFhGVlgxcDZVMHBaZW5OZldsRRAB,5.0,2026-06-05,,"Had an amazing experience at the Coach flagship store on 5th Avenue back in April :). The store is huge, 3 floors! The displays are pretty and organized well. It might be better if there were more mirrors on the first floor.  I was helped by Cassandra and Abeer, thank you ladies! They were both very knowledgeable and gave styling tips as well. I visited the store 2-3 times during my visit to New York and it was nice that they remembered my face when I came back to purchase the bag 😄.  I decided on the twin turnlock waverly in the maple color. The leather looks (and smells) amazing and I love that I can dress the bag up or down with the 3 straps that come with the bag. Definitely will be returning when I'm back in NYC!",google_maps,COACH,,0,COACH,"685 5th Ave, New York, NY 10022, United States",New York,NY,40.760852,-73.9752412,4.5,858
Ci9DQUlRQUNvZENodHljRjlvT2tGNVlXUkhOVXRGVWpZeFdWVmpORWh2WkUwdGJGRRAB,1.0,2026-06-05,,"I have always loved Coach and have had great experiences with the brand, which is why I was really disappointed by my experience with the Coach House Flagship Store.  About a month before a recent flagship-exclusive release, I went into the store and was told by an employee that she added me to a customer list specifically for that collection. I was never contacted about the release, and when I tried to follow up using the number I was given, it turned out to be a general store text line rather than a direct contact.  A few days before the drop, I called the store to ask whether the collection would actually be available in-store or if it would be fully allocated in advance, as had happened with a previous release. I explained that I need advance notice to coordinate transportation due to a disability. In response, I was told that “they have elevators,” which did not address my situation, as my disability is neurodevelopmental and not related to physical accessibility. I was also told that the items would likely be “all sold out” because they are given to people on a list first, and that there would be “no point” in coming in. Based on that information, I did not arrange transportation for the release.  This was especially confusing because I had previously been told in-store that I had been added to the list for this exact release, but I was never contacted and had no way to confirm my status.  During the release itself, I called to try to purchase an item remotely through pay-by-link due to my disability and was told the store would not process the order without an in-person visit. At that point, the only alternative offered was to try purchasing during the initial drop window, which took place around 3–4am. Due to my neurodevelopmental disability, staying up overnight is not feasible, which further limited my ability to participate.  In that same interaction, I was not offered any other accessible purchasing options. I later learned that the collection did have in-store inventory and that pay-by-link purchases were not being offered, which meant there was no accessible way for me to participate in the release.  Overall, I was very disappointed by the lack of consistent communication and accessible purchasing options. The conflicting information I received directly affected my ability to plan and participate, and I hope the flagship considers how its release and purchasing policies impact customers who cannot physically come into the store.",google_maps,COACH,,0,COACH,"685 5th Ave, New York, NY 10022, United States",New York,NY,40.760852,-73.9752412,4.5,858
Ci9DQUlRQUNvZENodHljRjlvT21weFdHNUZaVUZIZFZaU1pXcHpOSEJhYjIxWGVrRRAB,1.0,2026-06-18,,"This store does not exist, hope it helps",google_maps,COACH,,0,COACH,"Albert and Vera List Academic Center, 79 5th Ave, New York, NY 10003, United States",New York,NY,40.7371556,-73.9925044,4.5,104
ChZDSUhNMG9nS0VJQ0FnSURWei1tLUJnEAE,2.0,2024-06-19,,"I went to this location with 5 of my Coachbags from my past to learn more about the Re love program. The manager that assessed my bags basically told me that I would be better off re selling the bags on Poshmark , not even offering a responsible recycling on site option as stated on the website.....as she spoke through her small attached microphone to another employee. My experience left alot to be desired!",google_maps,COACH,,0,COACH,"Albert and Vera List Academic Center, 79 5th Ave, New York, NY 10003, United States",New York,NY,40.7371556,-73.9925044,4.5,104
ChdDSUhNMG9nS0VJQ0FnSUM1azViMl9nRRAB,5.0,2024-06-19,,Ty was so kind and helpful. Great job!,google_maps,COACH,,0,COACH,"Albert and Vera List Academic Center, 79 5th Ave, New York, NY 10003, United States",New York,NY,40.7371556,-73.9925044,4.5,104
ChZDSUhNMG9nS0VJQ0FnSUNwcnFxNEh3EAE,5.0,2024-06-19,,Great store.,google_maps,COACH,,0,COACH,"Albert and Vera List Academic Center, 79 5th Ave, New York, NY 10003, United States",New York,NY,40.7371556,-73.9925044,4.5,104
ChdDSUhNMG9nS0VJQ0FnSUR4d2EtUXpBRRAB,1.0,2023-06-20,,"Order number CCP00196283. They sent me the picture of the item I ordered but when I opened the box it was the wrong colour (a hideous orange) and then they refuse to process returns because it’s final sale. So they have a store credit (not including the tax btw) and I ordered the same item again, and they sent me the wrong item twice. I call customer service they say it’s a mix up at warehouse due to the same style number and still no response so now I have two HIDEOUS orange straps and my money.",google_maps,COACH,,0,COACH,"Albert and Vera List Academic Center, 79 5th Ave, New York, NY 10003, United States",New York,NY,40.7371556,-73.9925044,4.5,104
ChdDSUhNMG9nS0VJQ0FnSUN4dHJyVjZ3RRAB,5.0,2023-06-20,,"I met Ty, who helped me find a bag, and was not only friendly, kind and helpful (everything a sales associate should be) but he was everything a person should be. We made friendly small talk and shared some laughs, we complimented each other's nails and overall, Ty and this coach store were truly wonderful, I'm so happy with my purchase. If you're going to go to a coach store in nyc, I recommend this one. Thank you Ty for the little note and I'm still looking for that email about my visit to coach so I can fill it out! 💗💕💞💋",google_maps,COACH,,0,COACH,"Albert and Vera List Academic Center, 79 5th Ave, New York, NY 10003, United States",New York,NY,40.7371556,-73.9925044,4.5,104
Ci9DQUlRQUNvZENodHljRjlvT2pGQ09GUkdjRzVRYUMxbU9XMUdSbFJxZW5neFNuYxAB,1.0,2026-05-20,,There wasn't a coach store there,google_maps,COACH,,0,COACH,"151 W 34th St., New York, NY 10001, United States",New York,NY,40.751095899999996,-73.9894297,4.1,78
Ci9DQUlRQUNvZENodHljRjlvT201Vk1rNXpXSEZHVVZKelZsVk5UbE16VXpaWlprRRAB,5.0,2026-04-20,,"I had an absolutely exceptional experience with Cheyenne, and I can’t recommend her highly enough. From the moment I began working with her, she demonstrated an incredible level of dedication, patience, and professionalism that truly set her apart.  I was trying to secure a specific bag, and what could have easily been a frustrating process turned into a seamless and genuinely enjoyable experience thanks to Cheyenne. She spent over two hours working diligently to help me, exploring every possible option without ever showing a hint of frustration or rushing the process. Not once did she try to pass me off to someone else—she stayed fully committed from start to finish, making me feel valued and prioritized the entire time.  Her positive attitude, persistence, and willingness to go above and beyond made all the difference. It’s rare to encounter someone so genuinely invested in helping a customer, and her effort did not go unnoticed.  Cheyenne is a true asset, and because of her, I will absolutely be returning in the future. Thank you for such outstanding service!  Thank you Cheyenne!",google_maps,COACH,,0,COACH,"151 W 34th St., New York, NY 10001, United States",New York,NY,40.751095899999996,-73.9894297,4.1,78
Ci9DQUlRQUNvZENodHljRjlvT25sMGFrRTFlbEpRTm1oS1J6UXlSM0pLUlc5NU9XYxAB,3.0,2026-03-21,,This is a small section inside macy's. Limited ugly selection but outlet prices.,google_maps,COACH,,0,COACH,"151 W 34th St., New York, NY 10001, United States",New York,NY,40.751095899999996,-73.9894297,4.1,78
Ci9DQUlRQUNvZENodHljRjlvT2xKTU9FcEpUWEl0Y1hwU1kxOURYMjlIZUdwUU0xRRAB,5.0,2026-03-21,,Got some fancy sneakers. Super service.,google_maps,COACH,,0,COACH,"151 W 34th St., New York, NY 10001, United States",New York,NY,40.751095899999996,-73.9894297,4.1,78
Ci9DQUlRQUNvZENodHljRjlvT2pCaFQyTmFla1pIVDAxdmNWWmZNVUZPVFZGM1NsRRAB,5.0,2026-02-19,,كانت ليلة لاتنسى لزوجتي بهدية تعافيها من مرض السرطان من افضل واجود المنتجات بالعالم,google_maps,COACH,,0,COACH,"151 W 34th St., New York, NY 10001, United States",New York,NY,40.751095899999996,-73.9894297,4.1,78
Ci9DQUlRQUNvZENodHljRjlvT25CSVQwOURVVzFrUWxWQlJISXpia1JWYlhGaWRHYxAB,5.0,2026-06-13,,Always such a great experience here! Cory is one of my favorite sales associates along with Amanda. They are always friendly and knowledgeable about the products. The store setting is always organized and clean. I’ve encountered all of the other associates as well and they are all very nice and friendly. This store has a great team!!,google_maps,COACH,,0,COACH,"20 Hudson Yards Space RU127, New York, NY 10001, United States",New York,NY,40.753393599999995,-74.001055,3.9,172
Ci9DQUlRQUNvZENodHljRjlvT25WUlQwbHNVV1JtYkdOaFNIZHRlR1V4VVdsdFlWRRAB,5.0,2026-06-12,,"So impressed by the amazing service from the team on 5 June 2026, especially Mark and Johnny who were extremely helpful, friendly and kind, that I wanted to pass along my compliments. The  professionalism and attention to detail made a huge difference. 11/10 will visit again.",google_maps,COACH,,0,COACH,"20 Hudson Yards Space RU127, New York, NY 10001, United States",New York,NY,40.753393599999995,-74.001055,3.9,172
Ci9DQUlRQUNvZENodHljRjlvT25KeU1HRXljM0JZV1ZsT1ZqSnJXVEZWVmpKaE1uYxAB,1.0,2026-05-20,,"Went in ready to purchase a bag, when i walked in (there are three girls just standing around) no greeting or anything, I literally stood next to the bag I was looking to get for over 20 minutes waiting to be helped. Finally I got tired of waiting and approached one of the girls and asked if i could order a bag, like don’t you make commission on sales? Anyway, rude staff. Do better. (purchased the bag just because i wanted it that day, otherwise would’ve ordered online)",google_maps,COACH,,0,COACH,"20 Hudson Yards Space RU127, New York, NY 10001, United States",New York,NY,40.753393599999995,-74.001055,3.9,172
Ci9DQUlRQUNvZENodHljRjlvT2psRFdXa3llbWxSY1RWTFRFVmhaM2RpYjA5cGVXYxAB,1.0,2026-05-20,,"Went to this store to buy my mother a black tabby purse for Mother’s Day. They packaged it beautifully for my mom to open on Mother’s Day, so I didn’t open it myself. Told the associate I wanted the black bag (we even had a convo about which color buckle on the bag I wanted). My mom opens the gift today on Mother’s Day and it is not the bag I had asked.  Looks like someone else in the reviews also had an issue with getting the incorrect merch. If you can, I would recommend checking the box they hand you before leaving the store.",google_maps,COACH,,0,COACH,"20 Hudson Yards Space RU127, New York, NY 10001, United States",New York,NY,40.753393599999995,-74.001055,3.9,172
Ci9DQUlRQUNvZENodHljRjlvT25KemJESm1RMFY1VkZoUk0yVlRaVlYzWlRRM09IYxAB,2.0,2026-05-20,,"Customer service needs to be worked on, I prefer going to Westchester for future purchases. Came for a pickup order for a wallet. It was basically thrown in a bag and handed to me. Had to ask for a box, hot stamping wasn’t available.",google_maps,COACH,,0,COACH,"20 Hudson Yards Space RU127, New York, NY 10001, United States",New York,NY,40.753393599999995,-74.001055,3.9,172
Ci9DQUlRQUNvZENodHljRjlvT25GR1V6SjRZamxzWTJkdWRHMW9UMGx2TlU5NVNtYxAB,2.0,2026-04-20,,"This was a frustrating experience, which is disappointing as I've always had positive interactions with Coach.  I purchased the Quilted Pillow Tabby 26 in Flower Pink during my visit, but was only informed after completing the transaction that the bag I was sold was the display item and only one in stock. Prior to checkout, this was not clearly disclosed.  I was also encouraged to monogram the bag before knowing this, which would have made it final sale. Thankfully I declined, but it didn't feel transparent.  I completely understand that display items may need to be sold, especially in high-traffic stores, but customers should be informed upfront and given the opportunity to make that decision before paying, especially at this price point. No adjustment or accommodation was offered despite the circumstances.  Overall, this experience felt rushed and lacked transparency, which isn't what I expect from Coach.",google_maps,COACH,,0,COACH,"20 Hudson Yards Space RU127, New York, NY 10001, United States",New York,NY,40.753393599999995,-74.001055,3.9,172
Ci9DQUlRQUNvZENodHljRjlvT25CUldYQmZjRGh6YzJwdWNVeG9ZbWh2VlU5dmNYYxAB,5.0,2026-04-20,,Cory and Alexis were so helpful! Cory helped my mom buy shoes and he was absolutely wonderful to meet! Customer service is definitely a priority to these workers. Alexis helped me with a shirt that I really wanted to get. She was so kind and helpful. Thank you!!,google_maps,COACH,,0,COACH,"20 Hudson Yards Space RU127, New York, NY 10001, United States",New York,NY,40.753393599999995,-74.001055,3.9,172
Ci9DQUlRQUNvZENodHljRjlvT2tSbGFIaHZXRWxMZGtoR0xVWmxVRjlMV1haMlprRRAB,1.0,2026-06-05,,"Great experience until I overheard the male associate talking that we were spending too much time browsing and not buying anything. We had only been there for 30 minutes by the way, and had plans on each purchasing an item (We are 3 people). We didn’t interrupt what we overheard because there is simply no reason to explain this to anyone. Just to let anyone know here.  Be aware if they are too pushy…",google_maps,COACH,,0,COACH,"143 Prince St, New York, NY 10012, United States",New York,NY,40.7257822,-74.0006977,4.5,286
Ci9DQUlRQUNvZENodHljRjlvT21Nd1IwNVpVMDl0ZGtOMFdVVXhObE5wVWtkbFMwRRAB,5.0,2026-06-05,,"I was in the soho store for only a short time because I was meeting a friend, but the people here were so kind and they left a great impact on me!  Madeline helped me choose between several bags by answering my personal questions quickly and honestly. She was insightful about the different colours and leathers of each bag. Above all, I felt her friendliness as she calmly told me about the bags and it felt like we were choosing my ideal bag together. I wish I could have spent more time browsing!  I would have loved to buy the bag i decided on at this store, but the machine for customizing the tag was broken here that day and I was advised to go to the flagship store on 5th Avenue for that. It was very kind of them to tell me that before buying!  As I left the store a different store associate greeted me and complimented me on my Frog and Toad pins on my bag. New York is such a fun city. Thanks everyone!",google_maps,COACH,,0,COACH,"143 Prince St, New York, NY 10012, United States",New York,NY,40.7257822,-74.0006977,4.5,286
Ci9DQUlRQUNvZENodHljRjlvT210cFYzTTVNMVZVU0hJNVpuTXhjaTFFU21jdGJFRRAB,5.0,2026-06-05,,Has everything I want and a lot more!🤣💜,google_maps,COACH,,0,COACH,"143 Prince St, New York, NY 10012, United States",New York,NY,40.7257822,-74.0006977,4.5,286
Ci9DQUlRQUNvZENodHljRjlvT2tGUWQxaFFYMUpJU1hKS1NtWlRMVkZPTTBkWlJtYxAB,5.0,2026-06-05,,"Tricia was so helpful and kind when I was choosing my bag. It was my first visit to NYC from the UK so I really wanted something to remember it by, and I absolutely love my bag. Everyone was lovely but Tricia went above and beyond with her help so thank you so much!",google_maps,COACH,,0,COACH,"143 Prince St, New York, NY 10012, United States",New York,NY,40.7257822,-74.0006977,4.5,286
Ci9DQUlRQUNvZENodHljRjlvT25kblRVUkxNMjlsUWtKcFFtWlhXVTFUWkc1emMyYxAB,5.0,2026-05-20,,아시아계 여성 직원분(이름을 물어보지 못했네요!)이 친절하게 제 쇼핑을 도와주셨어요. 정말 기분좋게 쇼핑하고 나왔어요 ;) 굳이 여기서 산 보람이 있었어요. 가격은 미국이 한국보다 약 5만원 안쪽으로 저렴한 거 같네용!,google_maps,COACH,,0,COACH,"143 Prince St, New York, NY 10012, United States",New York,NY,40.7257822,-74.0006977,4.5,286
Ci9DQUlRQUNvZENodHljRjlvT2s0MlFrY3hlbkZMZDNZeE1VNVFUMk5yUkdkemFrRRAB,5.0,2026-05-20,,Great experience when I bought my daughters two purses from Coach.,google_maps,COACH,,0,COACH,"143 Prince St, New York, NY 10012, United States",New York,NY,40.7257822,-74.0006977,4.5,286
Ci9DQUlRQUNvZENodHljRjlvT20weVoxVjNPRXg2U21wSlpVRnZSM0ozYUhoR01FRRAB,5.0,2026-05-20,,"I highly recommend this store. Came here to get a custom leather tag and I loved it! First, they were very fast in taking my phone call and confirming they had the colors I was looking for. When I got there, I met Stanley, a highly skilled craftsman who has been with the compay for 19 years and he created the perfect design for me. He instantly understood what I wanted, he gave me great suggestions and he took his time to show me the options I had. I trusted him right away when he showed me a portfolio of his work, his skills and attention to detail are UNMATCHED. I’m crazy about Coach for many reasons, and I know my experience around a tag seems little, but it’s the small details that matter the most and Stanley exceeded my expectations. This experience made my day! Will definitely come back and recommend this location and Stanley’s work for everyone. Thank you Stanley!",google_maps,COACH,,0,COACH,"143 Prince St, New York, NY 10012, United States",New York,NY,40.7257822,-74.0006977,4.5,286
Ci9DQUlRQUNvZENodHljRjlvT2tSUk9WWmljSFV5V1dZeFVUWlhWVVJpVEVscVozYxAB,4.0,2026-05-20,,Visit 5th Avenue location for wider selection.,google_maps,COACH,,0,COACH,"143 Prince St, New York, NY 10012, United States",New York,NY,40.7257822,-74.0006977,4.5,286
Ci9DQUlRQUNvZENodHljRjlvT25GSVZWazRVRkZpTUhwQldVVlZPVzEzVWxaeVQwRRAB,5.0,2026-06-05,,I took my daughter here to get her first purse for her birthday. Olivia was absolutely amazing and made my girl feel like a true princess on her special day. We got a matching wallet and jewelry piece to start her collection. Her items were wrapped with care and my daughter felt like her day was all about her. Thank you so much Olivia for making this a memorable experience for her 💜,google_maps,Kate Spade Outlet,,0,Kate Spade Outlet,"5416 New Fashion Way #815, Charlotte, NC 28278",5416 New Fashion Way #815,,35.1687314,-80.9701132,4.5,186
Ci9DQUlRQUNvZENodHljRjlvT2prNFNYRm5WREp2YUUxSFpYTXlZVVYwTlZoeVNtYxAB,5.0,2026-05-20,,I have never experienced outstanding customer service like I did at the Kate Spate outlet in Charlotte!! Lauren went above and beyond to help me find a handbag that was not avaliable in the store. She was so helpful and kind. Olivia also worked with Lauren in our pursuit. Thank you both for making my experience a great one!,google_maps,Kate Spade Outlet,,0,Kate Spade Outlet,"5416 New Fashion Way #815, Charlotte, NC 28278",5416 New Fashion Way #815,,35.1687314,-80.9701132,4.5,186
Ci9DQUlRQUNvZENodHljRjlvT2xWUmNHTkdNbDlxVjFkb2J6Y3hWMmhFTURoRWQyYxAB,1.0,2026-05-20,,"I came to do my pick up order. Short, simple and sweet you would think. The staff wasn’t pleasant. They were more focused on the patrons looking at bags. They didn’t even bag my purse for me. They just handed me a bag to place it in, no nice tissue paper or anything. I will not be returning to this location.",google_maps,Kate Spade Outlet,,0,Kate Spade Outlet,"5416 New Fashion Way #815, Charlotte, NC 28278",5416 New Fashion Way #815,,35.1687314,-80.9701132,4.5,186
Ci9DQUlRQUNvZENodHljRjlvT2xjeUxVOUJObFl0UVcxVGNraEpSSHAzUlVFMk9GRRAB,5.0,2026-04-20,,Jillian provided amazing customer service. Thank you for helping me find the perfect gift for my bestfriend!,google_maps,Kate Spade Outlet,,0,Kate Spade Outlet,"5416 New Fashion Way #815, Charlotte, NC 28278",5416 New Fashion Way #815,,35.1687314,-80.9701132,4.5,186
Ci9DQUlRQUNvZENodHljRjlvT2t0c01qbGxaa2RmZWxOblpFRXpPSG93U0daTFNrRRAB,5.0,2026-01-20,,Excellent customer service and attention,google_maps,Kate Spade Outlet,,0,Kate Spade Outlet,"5416 New Fashion Way #815, Charlotte, NC 28278",5416 New Fashion Way #815,,35.1687314,-80.9701132,4.5,186
Ci9DQUlRQUNvZENodHljRjlvT2s1VVVXdE5VMGQxTkd0NE1HMTVZVFpxU1UxTGJVRRAB,5.0,2025-08-23,,Nice and friendly,google_maps,Kate Spade Outlet,,0,Kate Spade Outlet,"5416 New Fashion Way #815, Charlotte, NC 28278",5416 New Fashion Way #815,,35.1687314,-80.9701132,4.5,186
Ci9DQUlRQUNvZENodHljRjlvT2tVeWVYSmZjbWR6WjBsWWJ6bHpTalZIYTJwdFpuYxAB,5.0,2025-08-23,,"I cannot say enough good things about the store, the service, and most importantly the staff. Danielle’s impeccable product knowledge, courtesy, and warmth were the highlight of our day. Her keen eye for detail in my wife’s preferences made us comfortable in her choice, and we cannot wait to return for Christmas shopping! Thank you for making our visit special!",google_maps,Kate Spade Outlet,,0,Kate Spade Outlet,"5416 New Fashion Way #815, Charlotte, NC 28278",5416 New Fashion Way #815,,35.1687314,-80.9701132,4.5,186
Ci9DQUlRQUNvZENodHljRjlvT2pGNVJFdExNM0V5YUZVNWJsWXdlVkV0VUY5bVIzYxAB,5.0,2026-06-05,,Natalia helped me purchase my new bag tonight! What she didn’t know was that the bag was a purchase to celebrate a huge milestone. Her friendliness and dedication to making sure everything was perfect really made everything better! 10/10 will continue to purchase all of my Kate Spade from this location vs online or anywhere else!! Thank you for helping make this moment even more memorable!,google_maps,Kate Spade Outlet,,0,Kate Spade Outlet,"8111 Concord Mills Boulevard Suite 266, Concord, NC 28027",8111 Concord Mills Boulevard Suite 266,,35.3693229,-80.72224299999999,3.8,40
Ci9DQUlRQUNvZENodHljRjlvT2pscVlYbDJNVFZuVURCRldERXlYMVZLUldrME1VRRAB,5.0,2026-04-20,,Excellent customer service,google_maps,Kate Spade Outlet,,0,Kate Spade Outlet,"8111 Concord Mills Boulevard Suite 266, Concord, NC 28027",8111 Concord Mills Boulevard Suite 266,,35.3693229,-80.72224299999999,3.8,40
Ci9DQUlRQUNvZENodHljRjlvT2xjeFJrOVJiWE5GY0Y4eE1rOVNWM0pYY1hNMGVGRRAB,5.0,2026-03-21,,Shakira was so friendly and attentive! Very clean store with a nice spring selection.,google_maps,Kate Spade Outlet,,0,Kate Spade Outlet,"8111 Concord Mills Boulevard Suite 266, Concord, NC 28027",8111 Concord Mills Boulevard Suite 266,,35.3693229,-80.72224299999999,3.8,40
Ci9DQUlRQUNvZENodHljRjlvT2tKaVZXRkhSbXBtY1d0cU1VdHlTSFppTldKaU4wRRAB,1.0,2026-03-21,,"We are long-term Kate Spade shoppers, specifically at this store. Normally, the service is wonderful, but today we had a major issue with the staff.  We went in today, March 15th (around 3PM-4PM), and saw the Stash Denim Floral Small Carryall Bag. The sign had said $129 with an additional 25% off—the sign was with the bag of the same design, but brown. We asked an associate at the store how much it was, and she said it was 25% off, and even calculated the price and showed us $96.75. After that, we agreed to check out and went to the cashier (a different employee), who also said it was 25%. We ended up paying $124 for the purse, which we realized was weird after we left the store. Not only that, but the receipt only said 10% off.  We returned to the store, where we asked about why it only showed 10% off instead of the 25% said by the sign and the two employees. The associate who calculated the price earlier was confused since she also thought it was 25%; she checked their system and said, “Oh, it was only for the brown one,” but then she asked all the staff who were behind her, and they said that the 25% off was only for the tote bags. The associate apologized and showed us the receipt, saying, “At least you still received 10% off.” No one else came to apologize or even offered a refund.  We left the store again, but ended up returning to the store for a refund because we did not appreciate their service. The person who started refunding the bag for us did not apologize and said “Mistakes can happen” multiple times after we brought up that multiple employees said 25%. Another employee came over to finish the refund, who we believe to be the manager or supervisor for this shift, gave us an attitude and barely even said a word to us.  We are very disappointed by the service of this store, especially after buying AT LEAST 10 purses from them in the past couple of years.",google_maps,Kate Spade Outlet,,0,Kate Spade Outlet,"8111 Concord Mills Boulevard Suite 266, Concord, NC 28027",8111 Concord Mills Boulevard Suite 266,,35.3693229,-80.72224299999999,3.8,40
Ci9DQUlRQUNvZENodHljRjlvT2xOdGVtRlVVRXhCUzFkdlRFMVhXRVJYTTFJMVluYxAB,4.0,2026-01-20,,"Kate Spade has stylish, elegant, and high-quality bags with beautiful designs. The prices are similar to brands like Guess and Michael Kors, making it a good option in that same price range. The store is clean, well-organized, and the staff is polite and helpful. A nice choice if you’re comparing premium fashion brands. 👜✨  Currently for Christmas and New year having discount of additional 25 percent on all products. Happy Shopping.  I attached photocopy of the chart which mentioned product price and final discount price after all offers applied. If you go through this chart, you will get idea for your budget prior going for shopping.",google_maps,Kate Spade Outlet,,0,Kate Spade Outlet,"8111 Concord Mills Boulevard Suite 266, Concord, NC 28027",8111 Concord Mills Boulevard Suite 266,,35.3693229,-80.72224299999999,3.8,40
Ci9DQUlRQUNvZENodHljRjlvT2xkb1owNXVaRWxEYzFRelduSktMVjk2TXpsc2VrRRAB,5.0,2025-12-21,,"The loveliest girls work here. I went for black Friday and man were they on top of it all. So helpful and sweet. Genesis was super cool and willing to do whatever she could to help me get these cute shoes I want. They didnt have them in store so ill be back to order them with her. Genesis will be my go to girl, but honestly they were all just amazing.",google_maps,Kate Spade Outlet,,0,Kate Spade Outlet,"8111 Concord Mills Boulevard Suite 266, Concord, NC 28027",8111 Concord Mills Boulevard Suite 266,,35.3693229,-80.72224299999999,3.8,40
Ci9DQUlRQUNvZENodHljRjlvT201bVEwMVlZbWhtYTNsT1VIbEdNVzB0VkhwTFVsRRAB,5.0,2025-09-22,,Emory & Jalynn were both dolls. Nothing short of excellent. These two have bright futures in customer service.,google_maps,Kate Spade Outlet,,0,Kate Spade Outlet,"8111 Concord Mills Boulevard Suite 266, Concord, NC 28027",8111 Concord Mills Boulevard Suite 266,,35.3693229,-80.72224299999999,3.8,40
Ci9DQUlRQUNvZENodHljRjlvT25kMWJuWkRXVXBpUVZSNVduQjVSbGczYUhnNWRFRRAB,5.0,2026-06-12,,Great staff. Very friendly.,google_maps,Kate Spade Outlet,,0,Kate Spade Outlet,"1 Factory Shops Blvd Space 455, Gaffney, SC 29341",1 Factory Shops Blvd Space 455,,35.0816271,-81.7116456,4.7,123
Ci9DQUlRQUNvZENodHljRjlvT2t0R1pWOTVSV2xWWHpSYWRGbE1VVkpCUjFVdFQyYxAB,3.0,2026-05-29,,Check your receipt to make sure you are charged what is advertised!!!,google_maps,Kate Spade Outlet,,0,Kate Spade Outlet,"1 Factory Shops Blvd Space 455, Gaffney, SC 29341",1 Factory Shops Blvd Space 455,,35.0816271,-81.7116456,4.7,123
Ci9DQUlRQUNvZENodHljRjlvT25SUlIyaDZhMHRPVFZGaWVYRnZXR05TVjI5YWJWRRAB,5.0,2026-05-20,,"Called to see if they had sneakers in store for a gift for my wife. Glad I got to speak to Audrey who went above and beyond to locate the size I needed from her store and others. Unfortunately none were available, but her customer service was exceptional, awesome job. Not seen that kind of service for a long time. Audrey is a great asset to Kate Spade.",google_maps,Kate Spade Outlet,,0,Kate Spade Outlet,"1 Factory Shops Blvd Space 455, Gaffney, SC 29341",1 Factory Shops Blvd Space 455,,35.0816271,-81.7116456,4.7,123
Ci9DQUlRQUNvZENodHljRjlvT2xobVJtbFpWbFJ3U0RoTExXZEpWblJCWWxack9XYxAB,5.0,2026-01-20,,Very helpful staff.  Explained the best deals and just overall very friendly.,google_maps,Kate Spade Outlet,,0,Kate Spade Outlet,"1 Factory Shops Blvd Space 455, Gaffney, SC 29341",1 Factory Shops Blvd Space 455,,35.0816271,-81.7116456,4.7,123
Ci9DQUlRQUNvZENodHljRjlvT25neFdXbDJOSFF5Ykc5bldUQnNURTlXYVUwMlIxRRAB,5.0,2026-01-20,,"Beautiful store with gorgeous products—Kate Spade never disappoints in style or quality. Erika was incredibly helpful and went above and beyond to resolve a return, making the experience smooth and stress-free. Excellent customer service all around.",google_maps,Kate Spade Outlet,,0,Kate Spade Outlet,"1 Factory Shops Blvd Space 455, Gaffney, SC 29341",1 Factory Shops Blvd Space 455,,35.0816271,-81.7116456,4.7,123
Ci9DQUlRQUNvZENodHljRjlvT2xVMlpXcGpWM3BRTTBsRFYyOWxYMDFWY2taNVJGRRAB,5.0,2025-12-21,,I love these place.,google_maps,Kate Spade Outlet,,0,Kate Spade Outlet,"1 Factory Shops Blvd Space 455, Gaffney, SC 29341",1 Factory Shops Blvd Space 455,,35.0816271,-81.7116456,4.7,123
Ci9DQUlRQUNvZENodHljRjlvT2swMU5VTm1ja056T0VVdGJtVkdNMGRtZUdsdVQyYxAB,1.0,2026-06-05,,"My wife and I went to your Kate Spade store in Mebane, NC Tanger Outlet on 05/31/2026 and tried to purchase some sneakers (Ks Drift Sneaker, Silver/Captain Navy) that were clearly marked with a price of $159.20 on the bottom of the sole. But when the sales associate scanned them, they rang up at $228.00. The sales associate initially said the sale price was only for handbags. But I grabbed the sneaker myself and showed her that the $159.20 sale price was clearly marked on the sneaker itself. This proved that the pricing on the merchandise wasn't just for handbags and made things even more confusing The associate said she couldn't honor the marked sale price even though it was right there on the sneakers. She first offered a 20% discount off the $228.00 price, but when I brought up my military discount, the 20% discount became 10%. . As a loyal and frequent customer of both your retail and outlet stores, I am very disappointed. I think customers should be able to trust the prices marked on merchandise and that pricing mistakes from administrative errors should be fixed in favor of the customer.",google_maps,Kate Spade Outlet,,0,Kate Spade Outlet,"4000 Arrowhead Blvd #726, Mebane, NC 27302",4000 Arrowhead Blvd #726,,36.0745692,-79.2656026,4.2,176
Ci9DQUlRQUNvZENodHljRjlvT2t0T2RHeEhMV2hqVldGc1FtbG9Wak42UlV0MVYxRRAB,1.0,2026-05-20,,"When I entered the establishment, I greeted the staff with a friendly hello, but I didn't receive any response. The staff member simply looked at me in a way that felt dismissive. These interactions highlight the importance of kindness and better customer service training. If I had preferred not to interact with staff I could have placed an order online instead.",google_maps,Kate Spade Outlet,,0,Kate Spade Outlet,"4000 Arrowhead Blvd #726, Mebane, NC 27302",4000 Arrowhead Blvd #726,,36.0745692,-79.2656026,4.2,176
Ci9DQUlRQUNvZENodHljRjlvT2tSc1lVRldVR3BLVW13eFN6UnBaa2h1VUROWGFGRRAB,1.0,2026-04-20,,"I love Kate spade and I have been shopping here forever. I am so disappointed in how one of these managers has been treating me, it is extremely rude especially coming from someone who ALSO works in retail. I did not catch her name but she’s the taller manager with the Afro. I will never shop at this location again and I advise everyone who wants something from Kate spade to be aware of the disrespect.",google_maps,Kate Spade Outlet,,0,Kate Spade Outlet,"4000 Arrowhead Blvd #726, Mebane, NC 27302",4000 Arrowhead Blvd #726,,36.0745692,-79.2656026,4.2,176
Ci9DQUlRQUNvZENodHljRjlvT25sSlluY3dPVTgyYlROQmFsVlFYME5DUTNsaGQwRRAB,2.0,2026-04-20,,"Only 2 stars today. Very rude staff at checkout today 3/21/26.  I misplaced my original receipt but instead of being a little more customer friendly, i was told WE ALWAYS give receipts.   Be kimder next time. Normally i love this store.",google_maps,Kate Spade Outlet,,0,Kate Spade Outlet,"4000 Arrowhead Blvd #726, Mebane, NC 27302",4000 Arrowhead Blvd #726,,36.0745692,-79.2656026,4.2,176
Ci9DQUlRQUNvZENodHljRjlvT2xGQmVXRlNhMjh6WmtWd1pIRmlSM2hvTUdKQmJGRRAB,1.0,2026-03-21,,"My friend and I stopped by as Im a fan of KS. Ladies greeted us and then one swoops in and loudly yells ""No drinks in here. Place them outside."" Not only is that dangerous, but to embarass us like that? Then, when we were going to check out another sales lady gives me this nasty look and says the other lady will get us. At this point I'm aggravated and then they start acting decent. Stop assuming just because we are teenagers that we won't buy something. They need to be better trained with people or just leave altogether because that was embarassing and unprofessional.",google_maps,Kate Spade Outlet,,0,Kate Spade Outlet,"4000 Arrowhead Blvd #726, Mebane, NC 27302",4000 Arrowhead Blvd #726,,36.0745692,-79.2656026,4.2,176
Ci9DQUlRQUNvZENodHljRjlvT2pKRlNqWTRVRnBtYjNsV1dFWnViRXd5YnpZMWFYYxAB,1.0,2025-12-21,,Terrible customer service and decided not to purchase based on it.,google_maps,Kate Spade Outlet,,0,Kate Spade Outlet,"4000 Arrowhead Blvd #726, Mebane, NC 27302",4000 Arrowhead Blvd #726,,36.0745692,-79.2656026,4.2,176
Ci9DQUlRQUNvZENodHljRjlvT2prd2VqVXhTRFJFTlcwM2QwdFdhSFJFYzE5c2MwRRAB,5.0,2025-10-22,,"This morning I went to the outlets and this young lady helped me her name was Liz, she was really helpful and sweet, helped me purchase different gifts. She also was helping others customers, it seemed that she was by herself but she did an amazing job helping everyone! Definitely my new favorite store. ❤️",google_maps,Kate Spade Outlet,,0,Kate Spade Outlet,"4000 Arrowhead Blvd #726, Mebane, NC 27302",4000 Arrowhead Blvd #726,,36.0745692,-79.2656026,4.2,176
ChZDSUhNMG9nS0VJQ0FnSURCcnZiYU13EAE,2.0,2025-09-22,,Haven’t been in years but decided to go in. There were 3 employees standing at the register and a handful of customers shopping. Not once did any of the employees walk around seeing if anyone needed help. Did not purchase anything and would not go back.,google_maps,Kate Spade Outlet,,0,Kate Spade Outlet,"4000 Arrowhead Blvd #726, Mebane, NC 27302",4000 Arrowhead Blvd #726,,36.0745692,-79.2656026,4.2,176
Ci9DQUlRQUNvZENodHljRjlvT25ReWRFRjNkVVEwVm01R2MxRnVORTk1ZUZKRmNrRRAB,5.0,2026-05-20,,Wow ! Good deals as always,google_maps,Kate Spade Outlet,,0,Kate Spade Outlet,"1213 Outlet Center Dr Suite 1015, Smithfield, NC 27577",1213 Outlet Center Dr Suite 1015,,35.5112994,-78.3112216,4.5,38
Ci9DQUlRQUNvZENodHljRjlvT2xnMmVtMVVla1ZxVGxWVFgwaHZZMjV3YmtKTFpsRRAB,5.0,2026-05-20,,Staff was very helpful.,google_maps,Kate Spade Outlet,,0,Kate Spade Outlet,"1213 Outlet Center Dr Suite 1015, Smithfield, NC 27577",1213 Outlet Center Dr Suite 1015,,35.5112994,-78.3112216,4.5,38
Ci9DQUlRQUNvZENodHljRjlvT2xaMFZVWk5TMjFwWjJack1VODFXVGRUTlVaRmMxRRAB,5.0,2025-11-21,,Very nice store and sales associates are very helpful . Nice selection of handbags and wallets .,google_maps,Kate Spade Outlet,,0,Kate Spade Outlet,"1213 Outlet Center Dr Suite 1015, Smithfield, NC 27577",1213 Outlet Center Dr Suite 1015,,35.5112994,-78.3112216,4.5,38
Ci9DQUlRQUNvZENodHljRjlvT2sxR1pHVkVOWGhTTUhwSGJWZzFhR0ZFV25KNlltYxAB,5.0,2025-10-22,,Friendly helpful and fun,google_maps,Kate Spade Outlet,,0,Kate Spade Outlet,"1213 Outlet Center Dr Suite 1015, Smithfield, NC 27577",1213 Outlet Center Dr Suite 1015,,35.5112994,-78.3112216,4.5,38
ChZDSUhNMG9nS0VLalhsZktobGZydUVREAE,5.0,2025-06-19,,"The bag selection was great. So many different colors, prints and styles. You can’t be the prices.",google_maps,Kate Spade Outlet,,0,Kate Spade Outlet,"1213 Outlet Center Dr Suite 1015, Smithfield, NC 27577",1213 Outlet Center Dr Suite 1015,,35.5112994,-78.3112216,4.5,38
ChZDSUhNMG9nS0VJQ0FnSUNQMmN1LUJREAE,5.0,2025-06-19,,Good collection! Factory outlet price.,google_maps,Kate Spade Outlet,,0,Kate Spade Outlet,"1213 Outlet Center Dr Suite 1015, Smithfield, NC 27577",1213 Outlet Center Dr Suite 1015,,35.5112994,-78.3112216,4.5,38
ChZDSUhNMG9nS0VJQ0FnSURId2VXd0hBEAE,5.0,2025-06-19,,Ladies were very nice. Can’t wait to go back. Good prices on everything.,google_maps,Kate Spade Outlet,,0,Kate Spade Outlet,"1213 Outlet Center Dr Suite 1015, Smithfield, NC 27577",1213 Outlet Center Dr Suite 1015,,35.5112994,-78.3112216,4.5,38
Ci9DQUlRQUNvZENodHljRjlvT2pKalIzaHRhelJMUWxKa1UyUmZRVlJ6UmtkVGFWRRAB,4.0,2026-06-15,,Long overdue shoutout to Zeba! She helped me find my first Coach bag and made the experience memorable with her great style advice and friendly service. The greeter was wonderful too.  I’ve been back multiple times since early February- great team and great bags! 💙,google_maps,COACH Outlet,,0,COACH Outlet,"3098 Livermore Outlets Dr Spc 395, Livermore, CA 94551",3098 Livermore Outlets Dr Spc 395,,37.6992445,-121.84350819999999,4.2,663
Ci9DQUlRQUNvZENodHljRjlvT2xGT1lrZzJXSFZLT1hKU1pUTmhOMTlMYVRCVk5sRRAB,4.0,2026-06-12,,Good outlet,google_maps,COACH Outlet,,0,COACH Outlet,"3098 Livermore Outlets Dr Spc 395, Livermore, CA 94551",3098 Livermore Outlets Dr Spc 395,,37.6992445,-121.84350819999999,4.2,663
Ci9DQUlRQUNvZENodHljRjlvT2pGTWRIQjZjMkk0ZUZoSFJrOVBaMXBQVFRaUlNIYxAB,5.0,2026-06-12,,"Today I called looking to see if they had the bow kitten heel sandal and depending on the shoe I can be different sizes (wide feet). Alaa answered the phone and she was extremely nice her customer service was fantastic. I wanted to check 3 different sizes and 3 different colors and she took her time helping me, they were all out of the sizes I was looking for so she did a general search for each individual size and color, this type of customer service is really rare to come by and I’m really happy she helped me.",google_maps,COACH Outlet,,0,COACH Outlet,"3098 Livermore Outlets Dr Spc 395, Livermore, CA 94551",3098 Livermore Outlets Dr Spc 395,,37.6992445,-121.84350819999999,4.2,663
Ci9DQUlRQUNvZENodHljRjlvT20xNWFrMU1WRmhoTkdoVFJYTm1Nell0VkU1aWVXYxAB,5.0,2026-06-05,,"I want to shoutout Carmen!  Thank you for being so helpful and friendly,  I appreciated  you answering all my questions and helping me find the right purse for me.",google_maps,COACH Outlet,,0,COACH Outlet,"3098 Livermore Outlets Dr Spc 395, Livermore, CA 94551",3098 Livermore Outlets Dr Spc 395,,37.6992445,-121.84350819999999,4.2,663
Ci9DQUlRQUNvZENodHljRjlvT2xWbFFsSnlVbDgxZVcxRVUzb3lja3h6VFhGRFlYYxAB,5.0,2026-06-05,,"My Niece is such a special young lady and she wanted her first Coach purse. I called the outlet and spoke to the nicest woman named Dorina. She answered the phone with a smile and was able to find the exact purse Niece wanted and she held it for me while I drove over 2 hours to purchase the purse. What a beautiful experience and surprise for my Niece and it was due to the outstanding and kind customer service from Dorina. My niece had no idea what we were doing or where we were going. Once we entered the doors to your store her smile was ear to ear. Your store was absolutely beautiful to walk in the smell was refreshing. Your associates were welcoming, but not overpowering. You’re displays and lighting, set the tone and the direction for the shopper. A beautiful store with some great associates on the floor. I highly encourage you to come to this location for your Coach needs at amazing price points and even more amazing customer service.",google_maps,COACH Outlet,,0,COACH Outlet,"3098 Livermore Outlets Dr Spc 395, Livermore, CA 94551",3098 Livermore Outlets Dr Spc 395,,37.6992445,-121.84350819999999,4.2,663
Ci9DQUlRQUNvZENodHljRjlvT213Mk5IVXlTMUZVUlhKM1QwUjZVelpWYTB0SmVuYxAB,1.0,2026-06-12,,"This place is filthy and needs a good broom, dust down and water filled bucket with a mop to deep clean the store. The workers also get first dibs on new items and will lie to you that the items are not in stock anymore. They have no problem signing you up for the loyalty program as it benefits them. Avoid this place at all costs.",google_maps,COACH Outlet,,0,COACH Outlet,"8375 Arroyo Cir Spc A059, Gilroy, CA 95020",8375 Arroyo Cir Spc A059,,37.022778599999995,-121.56397659999999,4.4,101
Ci9DQUlRQUNvZENodHljRjlvT21ONmFUTnlWelEwTVdNNFR6VlFlbEZ1VTJWTmJWRRAB,3.0,2026-05-20,,I didn't like the Designs anymore.  Old and repetitive,google_maps,COACH Outlet,,0,COACH Outlet,"8375 Arroyo Cir Spc A059, Gilroy, CA 95020",8375 Arroyo Cir Spc A059,,37.022778599999995,-121.56397659999999,4.4,101
Ci9DQUlRQUNvZENodHljRjlvT2tSVVNtZDNTa3RKZFUxbk4waHNNMmRVYWpGdFQxRRAB,5.0,2026-02-19,,Great customer service,google_maps,COACH Outlet,,0,COACH Outlet,"8375 Arroyo Cir Spc A059, Gilroy, CA 95020",8375 Arroyo Cir Spc A059,,37.022778599999995,-121.56397659999999,4.4,101
Ci9DQUlRQUNvZENodHljRjlvT25kTlRXNUNjbmhmYjNkdlpIQnhOMWxZT0dSek4yYxAB,5.0,2026-01-20,,"I had the opportunity to stop by the Oakley store at the Gilroy outlets today to get prescription sunglasses, and I couldn’t be more satisfied. The service was excellent, all my questions were answered clearly, and the overall experience was great. I highly recommend this location. Oakley has been one of my favorite brands since the early 2000s, and this visit reminded me why.",google_maps,COACH Outlet,,0,COACH Outlet,"8375 Arroyo Cir Spc A059, Gilroy, CA 95020",8375 Arroyo Cir Spc A059,,37.022778599999995,-121.56397659999999,4.4,101
Ci9DQUlRQUNvZENodHljRjlvT2xWc1UzbG1VR2x3T1haT1ZUbFFNM3BaTjFOU1YzYxAB,5.0,2025-12-21,,Very good collection and the staff very cordial and helpful Definitely will be visiting again if I ever need new pair,google_maps,COACH Outlet,,0,COACH Outlet,"8375 Arroyo Cir Spc A059, Gilroy, CA 95020",8375 Arroyo Cir Spc A059,,37.022778599999995,-121.56397659999999,4.4,101
Ci9DQUlRQUNvZENodHljRjlvT205emIzRkdVMjlNVlU1eFZUTkZZemhyUVdaaFptYxAB,5.0,2025-12-21,,I am one that goes to this Oakley store often .The guys working there are always on hand to help you and know their products very well You should drop by and see for yourself,google_maps,COACH Outlet,,0,COACH Outlet,"8375 Arroyo Cir Spc A059, Gilroy, CA 95020",8375 Arroyo Cir Spc A059,,37.022778599999995,-121.56397659999999,4.4,101
Ci9DQUlRQUNvZENodHljRjlvT21ZNU9XTkJhemhsYlZwakxUUkdaalp3YVhKMFJrRRAB,5.0,2026-06-05,,Lots of Coach brand items to splurge for. Plenty of items on-sale and also some are at retail too.  There is a section for men items too from wallets to clothing.,google_maps,COACH Outlet,,0,COACH Outlet,"13000 Folsom Blvd Ste 706, Folsom, CA 95630",13000 Folsom Blvd Ste 706,,38.6432621,-121.1870608,4.2,163
Ci9DQUlRQUNvZENodHljRjlvT21waGJrZDZkM1pWVEdoSU9HczJVVlZ5ZWxSYWIzYxAB,1.0,2026-06-05,,"Just got out the store a couple minutes ago let me just say, I’m a pretty regular customer. Always going in to find gifts for friends, family and buy personal bags for myself. The workers are usually extremely nice and helpful. Today I was EXTREMELY disappointed not one person helped and the cashier was extremely rude. I asked for a gift box which I aways ask for when it comes to gifts,  they have always wrapped it for me. This time she just shoved the box into the bag. (If it’s a new policy then it’s fine).Her attitude was so off putting I literally took a picture of her name in the store.",google_maps,COACH Outlet,,0,COACH Outlet,"13000 Folsom Blvd Ste 706, Folsom, CA 95630",13000 Folsom Blvd Ste 706,,38.6432621,-121.1870608,4.2,163
Ci9DQUlRQUNvZENodHljRjlvT2xaMVVUQnplRlZmT0VoUlJrUlNkRll6VlhWb1ZHYxAB,5.0,2026-05-20,,Very helpful.,google_maps,COACH Outlet,,0,COACH Outlet,"13000 Folsom Blvd Ste 706, Folsom, CA 95630",13000 Folsom Blvd Ste 706,,38.6432621,-121.1870608,4.2,163
Ci9DQUlRQUNvZENodHljRjlvT2taNU1USm9kM2RZZFdJNE1UVnBWWFptYzE5UFZHYxAB,5.0,2026-04-20,,Very helpful personnel,google_maps,COACH Outlet,,0,COACH Outlet,"13000 Folsom Blvd Ste 706, Folsom, CA 95630",13000 Folsom Blvd Ste 706,,38.6432621,-121.1870608,4.2,163
Ci9DQUlRQUNvZENodHljRjlvT21wSU9EZGFNRVJDYVZaTmRXUjBXbTlDU0ZWcmVGRRAB,5.0,2026-03-21,,Always waiting for those deals especially on clearance,google_maps,COACH Outlet,,0,COACH Outlet,"13000 Folsom Blvd Ste 706, Folsom, CA 95630",13000 Folsom Blvd Ste 706,,38.6432621,-121.1870608,4.2,163
Ci9DQUlRQUNvZENodHljRjlvT21vMWIyaG9aRFV4TTFWRWJYYzNia1pZYzBWNWQyYxAB,5.0,2026-01-20,,"Didn't exactly find what I was looking for, but Sandra, one of the associates, was very helpful and kind.",google_maps,COACH Outlet,,0,COACH Outlet,"13000 Folsom Blvd Ste 706, Folsom, CA 95630",13000 Folsom Blvd Ste 706,,38.6432621,-121.1870608,4.2,163
Ci9DQUlRQUNvZENodHljRjlvT2pSWFdtWnROMXBuVDBadU0zZDBTbmRGTWpWZmNFRRAB,5.0,2026-06-12,,"Very cute store! I do wish they had more options regarding closed-toe heels, but - nonetheless - they still have a lot of good options to choose from! The staff are very kind, attentive, and helpful! ✨️",google_maps,COACH Outlet,,0,COACH Outlet,"234 Great Mall Dr, Milpitas, CA 95035",234 Great Mall Dr,,37.413593,-121.896216,3.9,449
Ci9DQUlRQUNvZENodHljRjlvT2xwMmFtMWhOR1JPZG5CM2FWOUtMVGxXZGw5UGNYYxAB,1.0,2026-06-05,,Okay so i normally go to this coach store and i always have lovely interactions with the staff. Today i went in during the afternoon there wasn’t many customers in the store. I was looking for a charm/ strap for my bag when this male employ literally snatched it from me to show to another customer. Like i understand it’s their job but it’s extremely rude to take something out of someone’s hand and i didn’t even take that long as soon as i entered the store i looked at it for a minute atleast and he grabbed it like who does that? terrible service.,google_maps,COACH Outlet,,0,COACH Outlet,"234 Great Mall Dr, Milpitas, CA 95035",234 Great Mall Dr,,37.413593,-121.896216,3.9,449
Ci9DQUlRQUNvZENodHljRjlvT2pkdE1IQnRORmRYT0Rac1VFbG1PR0ZYVjAxQk1uYxAB,5.0,2026-06-05,,Always got something new to buy,google_maps,COACH Outlet,,0,COACH Outlet,"234 Great Mall Dr, Milpitas, CA 95035",234 Great Mall Dr,,37.413593,-121.896216,3.9,449
Ci9DQUlRQUNvZENodHljRjlvT2t4NFVWOTFlbGxSYkRabGNuRXlMVXhEYTFGMFRWRRAB,5.0,2026-05-29,,"This is the best Coach Outlet store I have been to ever. The staff are so friendly and helpful. They are nice to all customers and eager to assist. Do not hesitate to come here for your Coach Outlet needs. Grace, Kim, Allen and Mary Anne are so kind and helpful! Do not hesitate to look for them when you visit! Everyone in the store is nice no matter how busy they are.",google_maps,COACH Outlet,,0,COACH Outlet,"234 Great Mall Dr, Milpitas, CA 95035",234 Great Mall Dr,,37.413593,-121.896216,3.9,449
Ci9DQUlRQUNvZENodHljRjlvT2tSaFluVnpkRWt0U1dOaWJWRTBSMXBtWkZsMFUwRRAB,1.0,2026-05-29,,"Pathetic service  I had a really frustrating experience trying to return a bag my husband bought me as a small gift. The bag was in PERFECT condition, with all tags attached, and I was returning it immediately after opening it because I decided I didn’t want it.  The associate at the counter immediately pointed out that the dust bag was missing. I honestly didn’t even know Coach bags came with dust bags, and neither did my husband. The Gilroy store never gave him one.  Even after I explained this multiple times, she kept inspecting the bag and repeating that the dust bag was missing. The bag still even had the stuffed paper inside because i never took it out lol.  Then she called her manager, who had an incredibly arrogant and condescending tone the entire time. Instead of listening, she spoke to me like she was teaching me a lesson or giving me advice, telling me I should “check for dust bags every time I buy from them.” The audacity honestly shocked me. Coach failed to provide it, yet somehow I was being blamed for it.  The whole interaction felt accusatory and rude over something so stupidly minor. I came in for a simple return of an unused item and left feeling talked down to.  Completely unnecessary and horrible customer service",google_maps,COACH Outlet,,0,COACH Outlet,"234 Great Mall Dr, Milpitas, CA 95035",234 Great Mall Dr,,37.413593,-121.896216,3.9,449
Ci9DQUlRQUNvZENodHljRjlvT2pONllsVldNMGxNVURKVFdHeFRTemhtVlZsNmFsRRAB,5.0,2026-04-20,,Salinas から更に北に向かいSanJoseサンホセの街に近いアウトレットです。  ここはSan Joseから少し外れた位置にありコンピュータIT関連で有名なsilicon valleyシリコンバレーと隣接した位置にある大きなショッピングモールの中にコーチのアウトレットもあり雨の日でも買い物が出来ていいのですが、どうせなら駐車場も外じゃ無ければ助かるのにと思います。  外からどこにCOACH 店舗に近く車を止めれるか見極め出来まぜん。  Olives レストランが駐車場🅿️から見えるので、このレストランを目印に駐車するとCOACH に近いです。  フードコートに日本食もあります。味は別としてお米が食べれるのはホッとします。  ここから近くに有名な大学スタンフォードがあり、その近くに友達が住んでいるのも、ここを訪れる一つの理由です。,google_maps,COACH Outlet,,0,COACH Outlet,"234 Great Mall Dr, Milpitas, CA 95035",234 Great Mall Dr,,37.413593,-121.896216,3.9,449
Ci9DQUlRQUNvZENodHljRjlvT2s0eVRsWlZWamRhYkU5NVptbGlabTAxUVdOYU0wRRAB,5.0,2026-04-20,,"Came here and had great service all employees were very nice helpful The whole time they kept asking us if we needed help they were very helpful. They went above and beyond love it here. Would recommend people to come here If I could give 10 stars, I would Especially Alan he’s the one that helped us great smile and welcoming",google_maps,COACH Outlet,,0,COACH Outlet,"234 Great Mall Dr, Milpitas, CA 95035",234 Great Mall Dr,,37.413593,-121.896216,3.9,449
Ci9DQUlRQUNvZENodHljRjlvT210TU1tTXpla3RzZDBsMVNrVjZlV1p0VG5Od1VuYxAB,4.0,2026-06-12,,"very friendly employees, a little too pushy though asking if i needed help every few minutes i appreciated it but also felt like i couldn’t look around as comfortably.",google_maps,COACH Outlet,,0,COACH Outlet,"8325 Arroyo Cir Spc B043, Gilroy, CA 95020",8325 Arroyo Cir Spc B043,,37.0227784,-121.56397659999999,4.4,254
Ci9DQUlRQUNvZENodHljRjlvT2xKRVZITlFla1Z6TUV0UVIyOWxielJUUnpsMVNFRRAB,2.0,2026-06-12,,직접 가서 사는건 몰라도 웹사이트로 사면 너무 오래걸린다 .미국인걸 감안해도 늦어도 너무 늦다. 필요한 날짜가 있다면 적어도 2주 전에 주문하세요.,google_maps,COACH Outlet,,0,COACH Outlet,"8325 Arroyo Cir Spc B043, Gilroy, CA 95020",8325 Arroyo Cir Spc B043,,37.0227784,-121.56397659999999,4.4,254
Ci9DQUlRQUNvZENodHljRjlvT25salRUTlhkMHM1YWtGTVkxUXhWMGR2TWs1aVRYYxAB,5.0,2026-05-29,,"Visited store to make a return and a repair, the customer service was excellent! Thank you Marisol for being so patient and helping to send out my bag for repair. Will definitely return!!",google_maps,COACH Outlet,,0,COACH Outlet,"8325 Arroyo Cir Spc B043, Gilroy, CA 95020",8325 Arroyo Cir Spc B043,,37.0227784,-121.56397659999999,4.4,254
Ci9DQUlRQUNvZENodHljRjlvT25wSmEycEVaRk5XY2xFMFFXNWtTakowUkhkWU9FRRAB,5.0,2026-02-19,,"Very good store and excellent customer service. Being a premium outlet they treat all customers with respect and answer to our queries.  The staff’s introduce themselves with their names and are super helpful. At the checkout, I believe the manager asked whether someone helped us with our purchase and we mentioned that staffs name.  It is a really good practise which urges staffs to provide excellent service. Highly recommended store!",google_maps,COACH Outlet,,0,COACH Outlet,"8325 Arroyo Cir Spc B043, Gilroy, CA 95020",8325 Arroyo Cir Spc B043,,37.0227784,-121.56397659999999,4.4,254
Ci9DQUlRQUNvZENodHljRjlvT25WWlZWVnBhVVp5YjNrMFlVUk1OVGRqTVhoQ05rRRAB,5.0,2026-02-19,,En esta tienda el recibimiento es muy cordial las chicas estan disponibles en todo momento para  ayudarte con lo que necesites y son muy agradables. Me gusto mucho ir a esta tienda me senti muy bien atendida y sobre todo por que hablan español.,google_maps,COACH Outlet,,0,COACH Outlet,"8325 Arroyo Cir Spc B043, Gilroy, CA 95020",8325 Arroyo Cir Spc B043,,37.0227784,-121.56397659999999,4.4,254
